{"ClickIncom":[0,0,0,0,0,0,12,9,0,0,0,0,0,0],"PassIncom":[0,0,0,0,0,0,24,6,0,0,0,0,0,0],"LevelUpgrade":[0,3,2,1,0,0,9,3,0,3,2,1,0,0],"ProgressSlider":[0.0,0.6000000238418579,0.4000000059604645,0.20000000298023225,0.9800000190734863,0.0,0.800000011920929,0.6000000238418579,0.0,0.6000000238418579,0.4000000059604645,0.20000000298023225,0.9800000190734863,0.9800000190734863],"_shipNumber":1}